{
  "rq2_rf_f1": {
    "mean": 0.8801550909211558,
    "std": 0.0018500472491520506,
    "ci95": [
      0.8765289983128178,
      0.8837811835294939
    ],
    "folds": [
      0.8807765387795969,
      0.8827009382923019,
      0.8790448223403905,
      0.8772695016419,
      0.88098365355159
    ]
  },
  "rq2_xgb_auc": {
    "mean": 0.7086318974067501,
    "std": 0.0041930227624668494,
    "ci95": [
      0.7004135727923151,
      0.7168502220211852
    ],
    "folds": [
      0.7164145064517304,
      0.7067985911841319,
      0.705670255284943,
      0.7048204387545827,
      0.7094556953583627
    ]
  },
  "rq3_gbr_r2": {
    "mean": 0.27928107937351754,
    "std": 0.009739556449108006,
    "ci95": [
      0.26019154873326583,
      0.29837061001376924
    ],
    "folds": [
      0.27220544299861826,
      0.278093680966943,
      0.2980811537722766,
      0.27137979916046306,
      0.2766453199692869
    ]
  },
  "rq2_xgb_auc_cv_shuffled": {
    "mean": 0.7086318974067501,
    "std": 0.0041930227624668494,
    "ci95": [
      0.7004135727923151,
      0.7168502220211852
    ],
    "folds": [
      0.7164145064517304,
      0.7067985911841319,
      0.705670255284943,
      0.7048204387545827,
      0.7094556953583627
    ]
  },
  "rq2_xgb_auc_cv_temporal": {
    "mean": 0.6117543152854443,
    "std": 0.13834898686233899,
    "ci95": [
      0.34059030103525995,
      0.8829183295356287
    ],
    "folds": [
      0.4793629876963398,
      0.5610677978974694,
      0.8441946808767602,
      0.5623917946712077
    ]
  }
}